feature,f_score,p_value,mutual_information
num_d_valence_std,8.078705492608286,0.004795603464976951,0.3512908326826252
calcination_temperature,24.176754407218677,1.4712502289843394e-06,0.34152946190185807
boiling_point_std,1.4790073601762777,0.22491546122451064,0.3289261098441778
covalent_radius_pyykko_double_std,1.9489603574154342,0.163763031076054,0.323778854347474
melting_point_std,0.6217572620724251,0.43103691361326046,0.3219748080533189
B_electron_affinity,5.02015550065087,0.02580836471125316,0.3081362140095747
gs_est_bcc_latcnt_std,9.814650555771195,0.0019077494701119516,0.3007052849995415
lattice_constant_mean,0.19009156618036793,0.6631636785357009,0.2928224307652223
atomic_number_mean,0.03763459872112633,0.8463140604900309,0.2870411873139789
hhi_p_mean,3.1111780458038356,0.07880597617343522,0.27169009639154007
mendeleev_number_std,2.7102500404680514,0.10078488403215019,0.26989864889702053
num_d_unfilled_std,0.2657555981908225,0.6065846827002136,0.2681951130716156
lattice_constant_std,3.1755509342764614,0.07579065913528873,0.2664147694249972
atomic_radius_range,1.3325966250118417,0.24929092329972616,0.26538419599344953
covalent_radius_pyykko_double_mean,1.7458647535601686,0.1874353805114939,0.26398767224374486
B_electron_negativity,2.9624716196007745,0.08628041816157725,0.2635824908250357
num_unfilled_mean,0.006312100969034145,0.9367303157643769,0.26313125904929136
B_atomic_number,1.8551507061252217,0.17423891381174558,0.26130585308088916
gs_energy_std,0.6536635470242348,0.41946637292921707,0.2525253532695628
gs_est_bcc_latcnt_mean,6.1464890792572335,0.013733730444706216,0.2510400992981139
electron_negativity_std,1.248651909286344,0.26473181765120624,0.2500409713348617
num_s_unfilled_std,1.864471294633543,0.1731641924429569,0.2496302490352118
bulk_modulus_mean,11.72060549024057,0.0007068831485991125,0.24782778373749625
radiation_source_intensity,1.6545319718005942,0.1993656725687388,0.24769253394111157
lattice_constant_range,2.554447747561796,0.1110694522061663,0.2468343820615142
vdw_radius_uff_range,3.137359913426098,0.0775642092302106,0.2454058857675525
catalyst_amount,5.570285358650751,0.01892766930322237,0.24370298286254188
num_d_valence_mean,7.936019789878435,0.0051776440028463286,0.23980130920765186
specific_heat_std,1.4105809515903078,0.23592848191392532,0.23939762437562084
electron_affinity_mean,2.119348864011903,0.14652635296336303,0.2392666212941883
covalent_radius_pyykko_triple_std,4.369376433261874,0.03745808556546365,0.23899925484679407
density_mean,7.489425933875087,0.0065879744737540645,0.23426882765957213
vdw_radius_uff_mean,3.8065137490565024,0.052013103437661946,0.23152872154569515
bulk_modulus_std,2.959593892366769,0.08643245045035669,0.23127382135123575
atomic_volume_mean,12.227952369193938,0.0005442710721332125,0.22495594790099105
icsd_volume_mean,11.685161302009927,0.0007199418769864917,0.22437045514189347
electron_negativity_mean,2.0688318725414834,0.15141121731195345,0.22098914851470175
atomic_volume_std,7.184571977232649,0.007772509602133546,0.22096264029621482
atomic_number_std,1.1395953249556223,0.28662265495889266,0.21959087832713298
fusion_enthalpy_mean,0.0018315413194219107,0.9658930953590883,0.219261325005204
mendeleev_number_mean,3.3519333513303917,0.0681486163642695,0.21814947119244543
num_s_unfilled_mean,1.0671813371658143,0.3024407484128482,0.21797558677507967
period_mean,0.31282542562854837,0.5763817451022878,0.21667972905879607
first_ion_en_std,1.0220776812831684,0.31286654855440776,0.2160052398472847
electron_affinity_std,0.7232936234344864,0.3957648786280823,0.21509746219241688
num_d_unfilled_mean,0.6985492852035748,0.40395731005473723,0.21463167528885707
molar_volume_mean,8.654741277592912,0.0035243806974326985,0.21195967802149207
octahedral_factor,4.653131363447732,0.03181558216382416,0.21121413698808755
num_d_valence_range,5.116169273518201,0.024441598661185785,0.2111130093132152
c6_gb_mean,8.458066206155921,0.00391419223231939,0.2098572575293649
hhi_p_std,1.221368832227524,0.2700050780574351,0.2090754384188367
gs_energy_range,1.5064913549954964,0.22066724053703893,0.2078703047223982
melting_point_range,7.981181032972037e-05,0.9928781185339672,0.20628620360689176
bandgap_energy,1.2092161042357452,0.272396303947464,0.20001446134933865
atomic_volume_range,3.8010688054544017,0.05218020142847502,0.19914749023736533
num_valance_range,2.3135980471239774,0.129332705363567,0.19897880403078672
covalent_radius_pyykko_triple_mean,1.4285489473602289,0.2329745344923733,0.19844654594357136
B_num_d_valence,5.814868924880371,0.016510576847000788,0.19207191191404904
heat_of_formation_std,0.055691019050945915,0.8136068667614609,0.1915165080420631
hhi_r_std,0.022863820001140293,0.8799165090836617,0.19107207380708324
hhi_r_mean,0.2730403756942997,0.6016970886027881,0.19017823635060171
num_valance_mean,9.328017346717347,0.002465648041030646,0.1885640324011466
atomic_radius_std,5.18051497779808,0.02356808801757915,0.18855488273819088
num_p_unfilled_mean,0.05249968101921919,0.8189303130973781,0.18721894127416094
gs_mag_moment_mean,0.040065821484579066,0.841491752273062,0.1869324409070574
atomic_number_range,1.0502329692025092,0.3063045732318578,0.18692237757926522
vdw_radius_alvarez_std,3.8280659075088823,0.05135726098611587,0.18369616689392032
calcination_time,0.8336253434746452,0.36198212625226667,0.1830651030433197
sound_velocity_mean,0.04581235612066571,0.830667155019468,0.18134067258866704
en_allen_std,0.773685319621966,0.3798051544811949,0.17871936435350788
icsd_volume_range,3.2821983914025927,0.0710658607786808,0.17473871553677478
covalent_radius_cordero_range,0.996230100727158,0.31905366750631947,0.17309393444706878
electron_negativity_range,0.002721449755485589,0.9584310081615087,0.17288199802467474
num_unfilled_std,0.007128902378186212,0.9327703638112856,0.17283825511246942
A_atomic_number,0.039112058579443824,0.8433649040038848,0.1728319243383698
covalent_radius_cordero_std,5.451901410257257,0.020226940941433794,0.17229708830278412
specific_heat_mean,0.369343195195686,0.5438364757338703,0.17101681560815774
atomic_radius_rahm_mean,3.5003614913893877,0.06235889690670403,0.16919031463591683
covalent_radius_pyykko_double_range,0.5179430603461604,0.47229803128021386,0.16844862589079446
heat_of_formation_mean,0.36368944379291807,0.5469340371282352,0.16842743422849038
density_std,12.372495375013974,0.0005053091754985174,0.16815438458639953
period_std,0.0004906950300555381,0.9823421774508673,0.16739088134014857
specific_surface_area,8.001674654435124,0.004998120976834704,0.1663550069638089
vdw_radius_std,5.135568577063644,0.02417474606096924,0.1654541234442699
num_p_valence_std,0.4961323596097754,0.481767774156898,0.16365689375436343
boiling_point_mean,0.031079165145716812,0.8601865108754569,0.16341805439624535
heat_capacity_molar_std,0.4062341317949137,0.524388261952748,0.1624144526076008
gs_est_bcc_latcnt_range,3.776361556542237,0.05294564255374338,0.16232737524424046
hhi_r_range,0.3997676334104935,0.5277057338861155,0.16050786688064056
c6_gb_std,7.835629022319537,0.005465029266311972,0.15798204818728845
vdw_radius_mm3_range,2.7533604185002116,0.09812755140000406,0.15766636812144652
thermal_conductivity_range,5.762974967821187,0.016995179964768736,0.15627748441431555
melting_point_mean,0.024950288738560485,0.8746005460483188,0.15458750614589345
mendeleev_number_range,0.4164766123177429,0.5192088986188189,0.15223338983835877
gs_energy_mean,0.39054211941655204,0.5325042874529953,0.15147048586418688
vdw_radius_uff_std,2.5980873648216734,0.1080767740867607,0.1508298057914228
heat_capacity_molar_mean,0.4196661656663056,0.5176144408473429,0.14631691020350024
specific_heat_range,2.0413703459180557,0.15414418757901413,0.14548911529084085
atomic_radius_mean,3.2953334030983243,0.07050626946127836,0.14472190767881177
A_electron_negativity,4.03080451709056,0.045600837982596,0.1440438924669274
sound_velocity_std,0.0056532400646679545,0.9401167686251162,0.14343673942088575
covalent_radius_pyykko_triple_range,3.7406816420809292,0.05407218775365418,0.14124269877029105
bulk_modulus_range,2.281934311580837,0.1319736259696411,0.14102003795945484
dipole_polarizability_std,6.631020286749743,0.010515784741143232,0.13619615757990644
boiling_point_range,0.015301954147149952,0.9016373634590523,0.1351653234747836
O,0.8207818933046056,0.36570117377275135,0.13430977512549713
heat_of_formation_range,0.3964898447380489,0.5294016993516321,0.13371182627482092
electron_affinity_range,0.15682222539494195,0.6923894254518759,0.13323625858811017
covalent_radius_pyykko_std,9.70161361448821,0.0020246405219221156,0.13098453616935535
num_valance_std,3.3946214944023323,0.06642656604066863,0.1308835546796816
Ni,6.429647227613198,0.011746423374926585,0.12337435642182415
vdw_radius_range,2.3003101576877,0.13043370524045234,0.12059487874674968
thermal_conductivity_mean,5.933551666393385,0.015455378133693637,0.11944351033712852
incident_light_cut_off,3.084994969066046,0.08006935112813511,0.11937561432409849
atomic_radius_rahm_range,2.551329938016274,0.1112867416979866,0.11890070142406994
num_p_valence_mean,0.16637566657534386,0.6836530971347898,0.11695092144051733
first_ion_en_range,0.08885741652739888,0.7658474905851984,0.11250625181211227
Nb,0.4206947104378096,0.5171021060831529,0.11150700506330824
num_f_valence_mean,4.7105762439734065,0.03078620011746158,0.11066698445537004
c6_gb_range,4.438160363702797,0.03600000498360577,0.1094176286237869
en_allen_range,0.3893152754329934,0.5331483496936564,0.108453178315008
gs_bandgap_std,0.2071726140205715,0.6493319646566132,0.10735317385079024
gs_mag_moment_range,0.14365916550317584,0.7049464726402501,0.10558115314813121
density_range,5.218080927885954,0.02307323396774706,0.10555479851013905
num_p_unfilled_std,0.1486264169515965,0.700133136748429,0.10472633295890788
covalent_radius_pyykko_range,2.52085699315288,0.11343543344511309,0.09377833683983416
atomic_radius_rahm_std,8.268935318055863,0.004330725334421202,0.0932948852787776
heat_capacity_mass_std,0.13145197344627774,0.7171944888820068,0.09131107006258476
Ca,0.7195339757750255,0.39699400256551165,0.08856863914134805
dipole_polarizability_range,2.392576764242894,0.12299933524903331,0.0825194927223718
gs_bandgap_mean,0.0026105238805093313,0.9592862392283523,0.07949823503317832
Ba,2.691054071958396,0.10199346478051417,0.07227793708529351
hhi_p_range,0.15230456084546892,0.6966282075998922,0.07056227646143887
num_s_unfilled_range,3.2730786785924106,0.07145720091453073,0.06847035482695696
heat_capacity_mass_mean,1.6596935793414362e-05,0.9967522715612392,0.06841839400603256
period_range,0.0760557378335543,0.7829112106088718,0.06571653850629366
particle_size,1.7626632222969376,0.1853332093765484,0.05663629605680187
A_electron_affinity,0.38982593713380287,0.5328800939230798,0.05513554430046863
Sr,0.873652086153937,0.35072119521779355,0.052294946916326523
Ta,0.21226782369598055,0.6453398048268333,0.05173883099597876
La,2.4621220724093,0.11770782412782987,0.0491400320566433
num_unfilled_range,0.11029585475304332,0.7400466446220164,0.043867372440567376
Mn,0.5854430802312699,0.4448067632718745,0.042945355717451505
Co,0.03137109795927329,0.8595382264910725,0.042769477363031605
Ru,0.005972883870059852,0.9384503835434286,0.04044689919352895
A_num_d_valence,2.3677913658010517,0.12494880793265302,0.03692763607488447
Cr,0.08179843885487031,0.7750783465091384,0.0366667342442728
Ag,3.99319954977273,0.04661450349506323,0.035103605021397755
num_f_unfilled_mean,1.8510069175438002,0.17471919355965118,0.0349103000340496
H,0.8363654800892762,0.3611954647566872,0.03247170220017925
S,1.7713838950078455,0.18425275048785947,0.03245515221011619
num_p_unfilled_range,0.13653017297640316,0.7120238870808707,0.03184779401453075
Ti,0.4556320052051254,0.5002084258753074,0.03110414017114782
heat_capacity_mass_range,0.13577382079382594,0.7127870017240215,0.030468596987169416
num_p_valence_range,0.12118111343502064,0.7280086771965077,0.026113987446155118
Cd,0.8863454462152243,0.3472504629144161,0.021451042225259398
Au,2.69065398078414,0.10201882340090307,0.020850988420371586
Fe,0.362287639015601,0.5477071355062428,0.016558565038369943
Bi,0.6921347605870707,0.4061213951465069,0.016038490521652626
Na,0.9044833843287579,0.3423716085999492,0.013147885223874
Pr,2.1239775215256045,0.146087787260971,0.012656885185402533
C,1.611696994704625,0.20526774902178638,0.012041235321053056
N,0.02254452721096784,0.8807515909467322,0.011068072850287214
Sn,0.0228803686232925,0.8798733907112766,0.00995966488830513
Y,1.6426348040353194,0.20098459253876355,0.00834835402584333
num_d_unfilled_range,0.2016865016853203,0.6536972520182405,0.0057760668079658295
Li,0.6132832329828221,0.4341911496847731,0.004257615262257319
Ce,0.5228453018924362,0.4702112450257404,0.004113984841793483
Cl,1.0453383968964178,0.30743234311390233,0.0027812102524058524
Pb,0.09715160027012884,0.7554981703003596,0.0005905737698972402
Pt,1.4712758435985014,0.22612821895785043,0.0
Br,2.826312657367736,0.09380395731780297,0.0
K,0.03743696517433289,0.846713082640183,0.0
